ACCOUNT_ID,CUSTOMER_ID,ACCOUNT_TYPE,CURRENT_BAL,AVG_BAL_30D,INT_RATE,RATE_TYPE,BENCHMARK,DEPOSIT_BETA,OPEN_DATE,LIQUIDITY_CLASS,SEGMENT,INDUSTRY,STATE,BRANCH_CODE,PRODUCT_BUNDLE,LINKED_LOAN_IDS
DEP-000001,000120,Commercial Checking,5872.91,5860.2,0.029,fixed,,0.29,2024-11-17,Stable,Commercial,Real Estate,FL,BR02,Standard,
DEP-000002,000059,CD,143317.32,150056.55,0.0486,fixed,,0.29,2022-08-31,Stable,Commercial,Manufacturing,NJ,BR14,Premium,
DEP-000003,000079,Commercial Checking,86903.91,85306.53,0.0333,fixed,,0.43,2022-08-24,Stable,C&I,Manufacturing,NY,BR16,Standard,
DEP-000004,000067,Checking,17.27,16.81,0.0124,fixed,,0.21,2024-01-23,Stable,Commercial,Manufacturing,NY,BR13,Standard,
DEP-000005,000146,Checking,55488.88,52566.52,0.0376,fixed,,0.54,2020-11-23,Stable,CRE,Retail,NY,BR19,Premium,
DEP-000006,000050,Commercial Checking,5566.51,5836.46,0.0121,fixed,,0.46,2023-01-04,Stable,CRE,Healthcare,NY,BR19,Premium,
DEP-000007,000025,Savings,97816.27,97849.16,0.0197,fixed,,0.23,2021-06-27,Stable,Commercial,Real Estate,NJ,BR03,Standard,
DEP-000008,000068,Checking,38188.74,37220.79,0.0442,fixed,,0.33,2020-09-24,Non-Operational,C&I,Retail,NY,BR02,Standard,
DEP-000009,000058,Checking,1161791.5,1099774.7,0.0374,fixed,,0.41,2020-04-12,Rate Sensitive,C&I,Real Estate,CT,BR08,Standard,
DEP-000010,000115,Savings,22097.96,21926.3,0.0494,floating,Fed Funds,0.2,2022-11-08,Stable,CRE,Manufacturing,FL,BR13,Standard,
DEP-000011,000074,Commercial Checking,12123.22,10734.4,0.0167,fixed,,0.46,2020-10-09,Stable,CRE,Healthcare,NY,BR10,Standard,
DEP-000012,000020,Checking,701627.01,611915.64,0.0199,fixed,,0.27,2021-07-21,Stable,C&I,Retail,NY,BR02,Premium,
DEP-000013,000010,Checking,15761688.81,15041462.79,0.0155,floating,Fed Funds,0.13,2022-09-28,Rate Sensitive,C&I,Manufacturing,NY,BR04,Standard,
DEP-000014,000054,Commercial Checking,80201.06,70614.1,0.0389,fixed,,0.41,2024-10-29,Stable,C&I,Manufacturing,NY,BR04,Premium,
DEP-000015,000103,CD,262.71,247.44,0.0402,fixed,,0.55,2023-11-07,Operational,C&I,Retail,CT,BR09,Premium,
DEP-000016,000014,Commercial Checking,214.73,223.13,0.0385,fixed,,0.4,2023-12-25,Operational,Commercial,Manufacturing,NY,BR15,Premium,
DEP-000017,000132,Commercial Checking,196193.68,189391.87,0.0379,fixed,,0.55,2023-11-14,Stable,CRE,Real Estate,MA,BR17,Standard,
DEP-000018,000117,Commercial Checking,283.91,270.82,0.0223,fixed,,0.43,2020-12-12,Operational,CRE,Manufacturing,NY,BR17,Standard,
DEP-000019,000051,Savings,36883.34,35822.08,0.0335,floating,Fed Funds,0.28,2021-03-25,Non-Operational,C&I,Retail,NY,BR04,Standard,
DEP-000020,000039,Operating,27674.05,28169.27,0.0416,fixed,,0.22,2024-11-09,Stable,CRE,Manufacturing,NY,BR12,Standard,
DEP-000021,000130,Operating,571.01,558.03,0.0122,fixed,,0.19,2021-07-19,Stable,C&I,Manufacturing,NY,BR15,Standard,
DEP-000022,000105,Checking,95289.9,86870.85,0.0374,floating,Fed Funds,0.15,2022-12-04,Non-Operational,Commercial,Manufacturing,NJ,BR16,Premium,
DEP-000023,000078,Commercial Checking,86051.1,77661.48,0.0463,floating,Fed Funds,0.56,2023-05-05,Non-Operational,CRE,Real Estate,NJ,BR02,Standard,
DEP-000024,000100,Commercial Checking,15595.28,13977.35,0.0119,fixed,,0.52,2023-03-31,Non-Operational,C&I,Healthcare,CT,BR14,Standard,
DEP-000025,000056,Commercial Checking,965.94,936.6,0.0424,fixed,,0.47,2021-11-08,Non-Operational,CRE,Healthcare,PA,BR04,Standard,
DEP-000026,000125,Commercial Checking,18037.72,16636.95,0.0184,fixed,,0.56,2022-06-04,Stable,CRE,Manufacturing,PA,BR02,Premium,
DEP-000027,000068,Commercial Checking,3829.28,3375.31,0.0156,fixed,,0.51,2023-05-23,Rate Sensitive,CRE,Real Estate,NY,BR07,Premium,
DEP-000028,000098,Commercial Checking,7918.49,7003.02,0.0222,floating,Fed Funds,0.26,2024-06-01,Operational,Commercial,Real Estate,NY,BR14,Standard,
DEP-000029,000053,Commercial Checking,159.98,164.77,0.0413,fixed,,0.56,2022-09-27,Non-Operational,Commercial,Manufacturing,NY,BR10,Premium,
DEP-000030,000071,Checking,33917.45,32622.28,0.025,fixed,,0.42,2021-11-30,Operational,Commercial,Real Estate,MA,BR17,Standard,
DEP-000031,000062,Commercial Checking,675687.68,665496.68,0.0106,floating,Fed Funds,0.15,2024-08-17,Operational,Commercial,Healthcare,NY,BR02,Standard,
DEP-000032,000001,CD,24166.17,22618.46,0.0548,fixed,,0.36,2024-09-11,Stable,C&I,Retail,NJ,BR06,Premium,
DEP-000033,000089,Commercial Checking,87046.88,82300.32,0.0443,fixed,,0.53,2022-05-28,Operational,CRE,Healthcare,CT,BR17,Standard,
DEP-000034,000085,Checking,1404.38,1416.01,0.0464,fixed,,0.57,2023-06-25,Operational,CRE,Healthcare,CT,BR19,Premium,
DEP-000035,000136,Savings,20259.92,18141.78,0.0275,floating,Fed Funds,0.18,2021-08-08,Stable,Commercial,Manufacturing,NY,BR17,Premium,
DEP-000036,000085,Commercial Checking,302894.97,271195.05,0.046,floating,Fed Funds,0.25,2024-09-20,Stable,CRE,Retail,NY,BR17,Standard,
DEP-000037,000123,Savings,501.27,517.2,0.037,fixed,,0.5,2021-07-17,Rate Sensitive,Commercial,Healthcare,NY,BR08,Premium,
DEP-000038,000123,Checking,935.9,795.65,0.0351,fixed,,0.29,2024-02-17,Stable,C&I,Retail,NY,BR01,Standard,
DEP-000039,000038,Commercial Checking,698665.44,688485.28,0.0209,fixed,,0.52,2022-01-14,Rate Sensitive,Commercial,Healthcare,NJ,BR19,Premium,
DEP-000040,000048,CD,320.34,323.31,0.0287,fixed,,0.25,2022-03-17,Stable,CRE,Healthcare,NJ,BR02,Premium,
DEP-000041,000038,Commercial Checking,7177.43,6632.47,0.0335,floating,Fed Funds,0.47,2020-01-28,Stable,Commercial,Retail,NY,BR14,Standard,
DEP-000042,000112,Operating,1888.02,1719.9,0.048,fixed,,0.38,2022-11-15,Non-Operational,Commercial,Manufacturing,PA,BR19,Standard,
DEP-000043,000123,Money Market,3282.05,3072.11,0.0121,fixed,,0.52,2022-05-16,Non-Operational,Commercial,Real Estate,NY,BR08,Standard,
DEP-000044,000054,Checking,2322296.4,2045031.34,0.0193,floating,Fed Funds,0.29,2021-11-08,Operational,CRE,Manufacturing,FL,BR09,Standard,
DEP-000045,000114,Operating,2303.86,2276.32,0.0323,fixed,,0.33,2020-06-18,Stable,C&I,Manufacturing,NY,BR07,Standard,
DEP-000046,000086,Checking,57157.07,52883.93,0.0418,fixed,,0.1,2022-06-18,Stable,C&I,Retail,NY,BR06,Standard,
DEP-000047,000075,Savings,66200.39,56681.31,0.0271,floating,Fed Funds,0.23,2023-10-25,Operational,Commercial,Healthcare,NY,BR02,Premium,
DEP-000048,000090,CD,283288.04,284354.28,0.02,fixed,,0.45,2024-11-19,Rate Sensitive,CRE,Retail,NY,BR09,Standard,
DEP-000049,000034,Checking,2434983.98,2081100.25,0.0408,fixed,,0.34,2020-09-11,Operational,CRE,Retail,NJ,BR11,Premium,
DEP-000050,000125,Commercial Checking,47924.93,43518.06,0.0489,floating,Fed Funds,0.52,2021-08-20,Operational,CRE,Manufacturing,NY,BR09,Premium,
DEP-000051,000090,Checking,77697.71,73909.69,0.018,fixed,,0.5,2021-12-27,Non-Operational,C&I,Real Estate,MA,BR07,Standard,
DEP-000052,000009,Checking,359250.92,370719.46,0.0123,fixed,,0.49,2023-12-16,Non-Operational,Commercial,Healthcare,NJ,BR19,Standard,
DEP-000053,000143,Operating,3955758.73,3917538.95,0.0146,fixed,,0.38,2022-12-21,Operational,Commercial,Healthcare,CT,BR15,Standard,
DEP-000054,000129,Commercial Checking,917503.58,869771.02,0.0347,floating,Fed Funds,0.33,2023-01-13,Stable,CRE,Retail,CT,BR08,Standard,
DEP-000055,000086,Savings,10394.18,9514.58,0.0297,floating,Fed Funds,0.52,2021-07-14,Non-Operational,CRE,Retail,PA,BR14,Premium,
DEP-000056,000038,Checking,784.26,813.49,0.0369,fixed,,0.56,2023-10-31,Non-Operational,C&I,Manufacturing,PA,BR04,Premium,
DEP-000057,000018,Savings,171191.89,153149.83,0.0457,fixed,,0.14,2024-07-24,Stable,CRE,Retail,PA,BR07,Standard,
DEP-000058,000130,Checking,106617.44,97401.86,0.0483,floating,Fed Funds,0.31,2023-08-15,Rate Sensitive,Commercial,Real Estate,NY,BR17,Standard,
DEP-000059,000117,Savings,226103.44,228168.52,0.0191,fixed,,0.32,2022-09-02,Operational,Commercial,Retail,NY,BR13,Standard,
DEP-000060,000031,CD,498497.91,456508.25,0.0374,fixed,,0.31,2020-04-30,Stable,CRE,Retail,NJ,BR02,Premium,
DEP-000061,000036,Checking,85479.5,88899.35,0.0101,fixed,,0.31,2023-07-21,Operational,Commercial,Retail,NY,BR12,Standard,
DEP-000062,000061,Operating,54405.43,55435.69,0.0384,fixed,,0.56,2023-05-31,Non-Operational,C&I,Healthcare,FL,BR04,Premium,
DEP-000063,000061,Operating,116583.41,113938.1,0.0293,fixed,,0.19,2023-06-11,Operational,Commercial,Healthcare,NY,BR11,Standard,
DEP-000064,000054,Checking,855.53,878.36,0.0287,fixed,,0.54,2020-06-29,Operational,CRE,Healthcare,NY,BR04,Standard,
DEP-000065,000055,Commercial Checking,3860.0,3788.17,0.0382,fixed,,0.57,2022-08-26,Stable,C&I,Real Estate,NY,BR19,Standard,
DEP-000066,000102,Checking,10243.76,9696.12,0.053,fixed,,0.41,2020-03-03,Non-Operational,Commercial,Manufacturing,NY,BR04,Standard,
DEP-000067,000087,CD,44589.08,41999.83,0.0386,fixed,,0.19,2023-11-03,Stable,Commercial,Retail,NJ,BR05,Standard,
DEP-000068,000097,Checking,1652.42,1546.4,0.0473,fixed,,0.31,2020-03-02,Operational,Commercial,Retail,NY,BR03,Standard,
DEP-000069,000058,Commercial Checking,28152.1,28919.3,0.054,floating,Fed Funds,0.1,2020-06-15,Operational,Commercial,Healthcare,MA,BR02,Premium,
DEP-000070,000079,Savings,23097.38,21733.15,0.0172,fixed,,0.58,2020-09-18,Operational,C&I,Retail,CT,BR01,Premium,
DEP-000071,000132,Savings,46794.95,45755.47,0.0254,floating,Fed Funds,0.16,2021-01-20,Operational,CRE,Healthcare,NJ,BR06,Premium,
DEP-000072,000013,Commercial Checking,85411.19,84686.37,0.0145,fixed,,0.42,2022-06-02,Operational,C&I,Retail,NY,BR17,Standard,
DEP-000073,000008,Commercial Checking,52415.77,53919.53,0.0432,fixed,,0.43,2023-06-05,Stable,CRE,Retail,NY,BR14,Standard,
DEP-000074,000124,Operating,128275.59,131657.79,0.0241,fixed,,0.29,2024-06-04,Operational,CRE,Retail,NY,BR01,Premium,
DEP-000075,000015,Checking,309.39,316.06,0.0433,fixed,,0.2,2020-11-29,Operational,Commercial,Manufacturing,MA,BR08,Standard,
DEP-000076,000121,Checking,283004.88,259735.87,0.041,floating,Fed Funds,0.54,2022-03-07,Stable,Commercial,Healthcare,NY,BR15,Standard,
DEP-000077,000105,Operating,101.6,99.47,0.0156,fixed,,0.41,2024-04-03,Non-Operational,C&I,Manufacturing,NJ,BR14,Premium,
DEP-000078,000119,Savings,40298.28,38860.03,0.0437,fixed,,0.23,2023-11-30,Stable,Commercial,Manufacturing,NY,BR17,Standard,
DEP-000079,000100,Operating,25000.88,25087.74,0.0399,fixed,,0.2,2023-01-24,Rate Sensitive,CRE,Real Estate,NY,BR07,Standard,
DEP-000080,000065,Commercial Checking,4124.39,3877.29,0.0478,fixed,,0.33,2020-02-27,Non-Operational,Commercial,Manufacturing,PA,BR14,Standard,
DEP-000081,000042,Operating,139730.89,141569.93,0.024,fixed,,0.48,2020-03-14,Non-Operational,Commercial,Real Estate,NY,BR17,Standard,
DEP-000082,000037,Checking,1922.4,1983.98,0.0146,floating,Fed Funds,0.34,2024-12-03,Non-Operational,CRE,Manufacturing,NJ,BR13,Standard,
DEP-000083,000116,Operating,12868.28,13398.77,0.0536,fixed,,0.42,2024-11-18,Operational,C&I,Retail,NY,BR12,Standard,
DEP-000084,000050,Checking,71689.55,63709.65,0.046,floating,Fed Funds,0.41,2023-01-19,Rate Sensitive,C&I,Healthcare,NY,BR13,Standard,
DEP-000085,000024,Checking,43344.67,39293.24,0.0511,fixed,,0.28,2022-12-15,Rate Sensitive,Commercial,Healthcare,CT,BR15,Premium,
DEP-000086,000138,CD,119942.04,115241.81,0.0326,fixed,,0.14,2022-12-16,Stable,Commercial,Retail,NY,BR01,Premium,
DEP-000087,000064,Operating,119357.67,102206.13,0.0478,fixed,,0.25,2022-07-09,Rate Sensitive,C&I,Manufacturing,CT,BR19,Premium,
DEP-000088,000013,Operating,16184.18,14627.89,0.0543,floating,Fed Funds,0.26,2022-08-07,Stable,CRE,Real Estate,NY,BR03,Standard,
DEP-000089,000034,Checking,331170.97,299837.85,0.045,fixed,,0.34,2022-03-06,Non-Operational,C&I,Retail,NJ,BR06,Standard,
DEP-000090,000047,Commercial Checking,6445.44,6744.63,0.0448,floating,Fed Funds,0.17,2023-03-06,Operational,C&I,Real Estate,NY,BR12,Premium,
DEP-000091,000079,Operating,849186.32,816794.08,0.0517,floating,Fed Funds,0.52,2023-11-30,Operational,CRE,Retail,FL,BR14,Standard,
DEP-000092,000052,Checking,43487.52,44073.95,0.012,fixed,,0.46,2021-08-11,Operational,C&I,Real Estate,NJ,BR17,Premium,
DEP-000093,000079,Operating,28628301.11,25401047.85,0.0443,fixed,,0.46,2023-04-18,Stable,C&I,Healthcare,CT,BR01,Premium,
DEP-000094,000137,Operating,3696382.1,3554163.8,0.0243,floating,Fed Funds,0.42,2020-10-19,Non-Operational,C&I,Manufacturing,NJ,BR05,Premium,
DEP-000095,000022,Checking,348.25,358.23,0.0393,fixed,,0.15,2024-02-08,Operational,C&I,Healthcare,NY,BR02,Premium,
DEP-000096,000150,Checking,22595.89,22125.98,0.0313,floating,Fed Funds,0.36,2021-08-21,Stable,C&I,Retail,NY,BR18,Standard,
DEP-000097,000125,Checking,8663.06,7701.78,0.0343,fixed,,0.58,2021-07-12,Operational,CRE,Retail,NY,BR14,Standard,
DEP-000098,000088,CD,716995.78,712777.8,0.0277,floating,Fed Funds,0.21,2024-04-04,Operational,CRE,Healthcare,PA,BR09,Standard,
DEP-000099,000138,Operating,6497.52,6535.36,0.0415,fixed,,0.52,2024-07-11,Operational,C&I,Manufacturing,NJ,BR19,Standard,
DEP-000100,000014,Checking,6313.09,5786.97,0.0255,fixed,,0.44,2020-01-31,Stable,Commercial,Manufacturing,MA,BR14,Standard,
DEP-000101,000028,Checking,7077.56,7065.58,0.0115,fixed,,0.54,2024-04-14,Non-Operational,CRE,Healthcare,NY,BR12,Premium,
DEP-000102,000135,Checking,103897.06,98535.18,0.0435,fixed,,0.17,2022-08-15,Non-Operational,CRE,Manufacturing,NY,BR02,Standard,
DEP-000103,000112,Checking,2675.52,2604.24,0.0328,floating,Fed Funds,0.37,2023-01-20,Non-Operational,Commercial,Healthcare,NY,BR07,Premium,
DEP-000104,000132,Checking,34429.02,31773.99,0.0496,floating,Fed Funds,0.5,2024-05-30,Stable,Commercial,Healthcare,NY,BR02,Standard,
DEP-000105,000064,Commercial Checking,49092.08,43941.38,0.0192,floating,Fed Funds,0.14,2024-09-25,Stable,C&I,Healthcare,NY,BR07,Premium,
DEP-000106,000068,Checking,309688.62,268549.28,0.0445,fixed,,0.56,2022-03-31,Stable,Commercial,Manufacturing,NJ,BR14,Premium,
DEP-000107,000087,Checking,45406.09,46438.96,0.05,fixed,,0.38,2020-03-17,Non-Operational,Commercial,Manufacturing,CT,BR17,Standard,
DEP-000108,000100,Commercial Checking,2322.11,2355.4,0.0371,fixed,,0.44,2023-03-15,Stable,CRE,Real Estate,NJ,BR07,Standard,
DEP-000109,000110,Checking,4378.87,3727.83,0.0517,fixed,,0.54,2022-11-23,Stable,CRE,Retail,CT,BR09,Premium,
DEP-000110,000040,Commercial Checking,123701.33,119587.26,0.0271,floating,Fed Funds,0.34,2022-07-26,Non-Operational,Commercial,Healthcare,NY,BR08,Premium,
DEP-000111,000067,Commercial Checking,463521.93,474934.2,0.0205,floating,Fed Funds,0.3,2020-02-21,Stable,C&I,Healthcare,NY,BR11,Standard,
DEP-000112,000065,Checking,170077.33,145855.27,0.0175,fixed,,0.32,2022-01-16,Stable,C&I,Real Estate,NY,BR02,Standard,
DEP-000113,000112,Checking,1974.75,1920.18,0.0377,fixed,,0.22,2023-04-12,Stable,C&I,Retail,NY,BR14,Standard,
DEP-000114,000087,Checking,7286.83,6198.23,0.0344,fixed,,0.38,2020-09-29,Rate Sensitive,C&I,Healthcare,NY,BR05,Standard,
DEP-000115,000063,Savings,4819684.35,4192458.07,0.0445,fixed,,0.48,2022-11-10,Stable,CRE,Healthcare,NJ,BR15,Standard,
DEP-000116,000041,CD,613913.87,644155.1,0.0261,fixed,,0.52,2024-01-17,Operational,C&I,Healthcare,NY,BR02,Standard,
DEP-000117,000017,Operating,79329.3,73818.46,0.0141,fixed,,0.27,2023-09-22,Operational,C&I,Retail,NY,BR02,Standard,
DEP-000118,000102,Commercial Checking,5691644.39,5296497.09,0.0114,fixed,,0.49,2021-04-10,Stable,C&I,Healthcare,NY,BR17,Premium,
DEP-000119,000071,Commercial Checking,421392.42,367035.52,0.0402,fixed,,0.5,2022-08-17,Operational,C&I,Retail,NY,BR06,Premium,
DEP-000120,000064,Savings,4984.59,4757.55,0.0126,floating,Fed Funds,0.21,2020-06-20,Operational,CRE,Healthcare,NJ,BR15,Premium,
DEP-000121,000027,Commercial Checking,13819.35,13091.8,0.0466,fixed,,0.48,2022-09-29,Operational,Commercial,Real Estate,NJ,BR07,Standard,
DEP-000122,000131,Checking,21508.68,19501.45,0.0206,fixed,,0.13,2020-11-02,Rate Sensitive,C&I,Manufacturing,NJ,BR19,Standard,
DEP-000123,000116,CD,279048.3,278588.53,0.042,fixed,,0.52,2024-01-11,Non-Operational,CRE,Healthcare,NY,BR07,Premium,
DEP-000124,000067,Checking,2412.58,2498.96,0.0389,floating,Fed Funds,0.51,2022-12-25,Non-Operational,CRE,Retail,NY,BR01,Premium,
DEP-000125,000128,Checking,64743.48,59522.95,0.0447,floating,Fed Funds,0.39,2024-11-19,Stable,CRE,Manufacturing,NY,BR17,Standard,
DEP-000126,000017,CD,1851130.94,1636982.03,0.0241,floating,Fed Funds,0.32,2021-06-27,Operational,Commercial,Real Estate,NY,BR10,Premium,
DEP-000127,000123,Commercial Checking,13390.77,12400.55,0.0489,fixed,,0.27,2024-08-11,Rate Sensitive,Commercial,Healthcare,NJ,BR15,Premium,
DEP-000128,000065,Checking,285.89,280.79,0.0365,floating,Fed Funds,0.34,2023-06-27,Stable,Commercial,Real Estate,CT,BR04,Premium,
DEP-000129,000002,Checking,31338.17,31652.65,0.0283,floating,Fed Funds,0.15,2020-04-21,Operational,C&I,Real Estate,NY,BR17,Standard,
DEP-000130,000040,Savings,756513.32,771113.28,0.0333,fixed,,0.53,2023-04-01,Non-Operational,CRE,Healthcare,CT,BR19,Standard,
DEP-000131,000132,Checking,934.57,896.21,0.0179,fixed,,0.42,2024-02-21,Non-Operational,Commercial,Retail,NY,BR01,Standard,
DEP-000132,000134,Checking,22174.38,21346.91,0.0422,fixed,,0.15,2024-05-17,Stable,C&I,Manufacturing,NY,BR08,Standard,
DEP-000133,000115,CD,35814.04,35952.94,0.0183,fixed,,0.26,2020-09-01,Stable,C&I,Manufacturing,NY,BR16,Premium,
DEP-000134,000144,Operating,2998.8,2680.73,0.0385,fixed,,0.47,2023-07-05,Stable,Commercial,Retail,NJ,BR06,Standard,
DEP-000135,000070,Commercial Checking,6580879.38,5865984.0,0.0265,floating,Fed Funds,0.56,2022-08-17,Operational,CRE,Real Estate,MA,BR02,Standard,
DEP-000136,000047,Checking,404026.56,355139.24,0.046,fixed,,0.38,2022-01-23,Non-Operational,Commercial,Real Estate,NY,BR02,Premium,
DEP-000137,000064,Checking,74411.77,70702.44,0.0353,fixed,,0.13,2023-06-05,Non-Operational,CRE,Retail,NY,BR08,Premium,
DEP-000138,000098,Commercial Checking,4766.58,4153.07,0.0528,floating,Fed Funds,0.26,2020-03-24,Rate Sensitive,C&I,Real Estate,FL,BR03,Standard,
DEP-000139,000126,Commercial Checking,12324.45,11262.82,0.0259,fixed,,0.17,2023-12-07,Stable,CRE,Real Estate,NY,BR15,Standard,
DEP-000140,000072,Checking,63289.78,55168.12,0.0401,fixed,,0.44,2020-12-17,Stable,C&I,Healthcare,NY,BR16,Standard,
DEP-000141,000134,Checking,4420.29,3955.59,0.0307,floating,Fed Funds,0.5,2024-07-24,Rate Sensitive,C&I,Manufacturing,NY,BR09,Premium,
DEP-000142,000105,Checking,852384.36,780426.06,0.0247,fixed,,0.4,2021-02-02,Non-Operational,Commercial,Healthcare,NY,BR09,Standard,
DEP-000143,000023,Checking,1172519.52,1143101.53,0.0451,fixed,,0.43,2021-06-10,Non-Operational,C&I,Manufacturing,CT,BR06,Premium,
DEP-000144,000036,Operating,11512.72,10417.7,0.0303,fixed,,0.49,2021-03-06,Stable,C&I,Manufacturing,NY,BR10,Standard,
DEP-000145,000098,Commercial Checking,39266.67,35850.93,0.0241,floating,Fed Funds,0.17,2021-10-15,Operational,Commercial,Manufacturing,NY,BR17,Standard,
DEP-000146,000136,Savings,174589.01,170150.09,0.043,fixed,,0.4,2020-03-11,Non-Operational,CRE,Real Estate,FL,BR10,Premium,
DEP-000147,000134,CD,6554.85,6334.02,0.0154,floating,Fed Funds,0.18,2024-05-20,Stable,Commercial,Manufacturing,NY,BR04,Premium,
DEP-000148,000030,Checking,39764.53,36231.81,0.0524,fixed,,0.23,2020-12-01,Stable,C&I,Real Estate,NY,BR07,Standard,
DEP-000149,000017,Checking,1735.77,1736.07,0.013,fixed,,0.41,2024-04-18,Stable,Commercial,Real Estate,PA,BR16,Premium,
DEP-000150,000135,Checking,37840.78,38332.65,0.0196,fixed,,0.57,2023-12-26,Stable,Commercial,Healthcare,NY,BR19,Standard,
DEP-000151,000109,Operating,12211.25,12578.51,0.0185,fixed,,0.2,2022-12-29,Rate Sensitive,CRE,Retail,NY,BR03,Premium,
DEP-000152,000103,Checking,2864.57,2663.35,0.0476,fixed,,0.24,2021-03-20,Operational,Commercial,Healthcare,NY,BR08,Standard,
DEP-000153,000111,Commercial Checking,35169.55,33094.19,0.0143,floating,Fed Funds,0.4,2022-04-15,Stable,CRE,Healthcare,NY,BR18,Standard,
DEP-000154,000124,Commercial Checking,14977.46,15255.6,0.0407,fixed,,0.38,2020-06-30,Stable,Commercial,Real Estate,NJ,BR11,Premium,
DEP-000155,000031,Commercial Checking,573.6,599.88,0.0346,fixed,,0.36,2022-07-18,Operational,Commercial,Real Estate,NY,BR09,Standard,
DEP-000156,000008,Commercial Checking,51730.92,51583.28,0.0143,fixed,,0.1,2020-10-18,Stable,Commercial,Manufacturing,NY,BR17,Standard,
DEP-000157,000127,Operating,16574.85,16352.12,0.0504,floating,Fed Funds,0.38,2024-04-03,Stable,CRE,Real Estate,NY,BR17,Premium,
DEP-000158,000100,Operating,243627.43,253533.39,0.0116,fixed,,0.53,2021-08-11,Stable,CRE,Retail,PA,BR01,Standard,
DEP-000159,000125,Commercial Checking,1681.93,1502.01,0.0377,fixed,,0.33,2021-04-22,Non-Operational,CRE,Healthcare,NY,BR11,Premium,
DEP-000160,000014,Checking,79948.67,72237.45,0.0232,fixed,,0.18,2024-01-21,Operational,CRE,Manufacturing,PA,BR11,Standard,
DEP-000161,000037,Commercial Checking,4709.39,4894.14,0.0423,floating,Fed Funds,0.47,2022-06-01,Stable,CRE,Healthcare,CT,BR09,Standard,
DEP-000162,000019,Operating,339765.42,325687.93,0.0107,fixed,,0.3,2020-01-18,Non-Operational,C&I,Manufacturing,NY,BR01,Premium,
DEP-000163,000119,Operating,287672.79,290736.71,0.0199,fixed,,0.27,2020-07-02,Rate Sensitive,C&I,Healthcare,NY,BR12,Premium,
DEP-000164,000019,Checking,7600.55,6983.71,0.0332,fixed,,0.56,2023-06-14,Stable,CRE,Retail,NJ,BR03,Standard,
DEP-000165,000133,Checking,470.52,473.09,0.0256,fixed,,0.33,2022-06-17,Operational,Commercial,Healthcare,NY,BR15,Premium,
DEP-000166,000040,CD,219239.6,191958.84,0.0181,fixed,,0.3,2020-04-14,Operational,C&I,Healthcare,NY,BR08,Standard,
DEP-000167,000080,CD,2997224.83,2728135.89,0.0144,fixed,,0.39,2024-10-11,Stable,CRE,Manufacturing,NY,BR16,Standard,
DEP-000168,000054,CD,464.04,399.95,0.0503,fixed,,0.25,2021-09-25,Operational,CRE,Manufacturing,NY,BR10,Standard,
DEP-000169,000053,Commercial Checking,988.68,922.76,0.0548,fixed,,0.5,2022-01-27,Operational,Commercial,Real Estate,NY,BR03,Standard,
DEP-000170,000115,Money Market,1068428.92,965569.17,0.0357,fixed,,0.21,2022-12-19,Non-Operational,C&I,Real Estate,NJ,BR13,Standard,
DEP-000171,000064,Operating,4499.85,4220.88,0.0459,fixed,,0.24,2020-10-29,Rate Sensitive,Commercial,Real Estate,MA,BR02,Premium,
DEP-000172,000074,Commercial Checking,52114.25,50434.68,0.052,fixed,,0.35,2020-07-10,Stable,C&I,Manufacturing,CT,BR15,Standard,
DEP-000173,000033,Commercial Checking,386.05,382.34,0.0414,fixed,,0.4,2024-02-27,Operational,C&I,Retail,PA,BR11,Standard,
DEP-000174,000031,Savings,740747.54,763407.84,0.0376,floating,Fed Funds,0.38,2020-04-10,Non-Operational,C&I,Manufacturing,NY,BR14,Standard,
DEP-000175,000055,Checking,1103405.71,998684.08,0.0438,fixed,,0.25,2022-10-28,Stable,Commercial,Real Estate,NY,BR12,Standard,
DEP-000176,000027,Operating,5108.43,5160.56,0.0381,fixed,,0.24,2021-01-20,Stable,Commercial,Healthcare,NY,BR13,Standard,
DEP-000177,000001,Commercial Checking,12087.86,10358.92,0.0116,fixed,,0.44,2022-09-21,Stable,C&I,Manufacturing,NJ,BR05,Standard,
DEP-000178,000088,Commercial Checking,1660921.41,1584618.04,0.0198,fixed,,0.17,2022-09-29,Operational,CRE,Manufacturing,NY,BR18,Premium,
DEP-000179,000092,Savings,394161.23,351488.97,0.0237,floating,Fed Funds,0.3,2021-06-17,Non-Operational,CRE,Retail,NY,BR01,Standard,
DEP-000180,000117,Operating,3544.33,3463.81,0.0336,fixed,,0.54,2023-01-29,Non-Operational,Commercial,Healthcare,NJ,BR02,Standard,
DEP-000181,000037,Commercial Checking,7657.8,7137.91,0.0256,fixed,,0.52,2020-09-08,Operational,CRE,Retail,NJ,BR15,Standard,
DEP-000182,000114,CD,2443405.1,2232614.38,0.0115,fixed,,0.21,2023-01-17,Non-Operational,Commercial,Manufacturing,CT,BR05,Standard,
DEP-000183,000146,Savings,10350.19,9173.88,0.046,fixed,,0.59,2021-06-25,Stable,CRE,Real Estate,NY,BR16,Standard,
DEP-000184,000042,Checking,78028.37,78967.8,0.0107,floating,Fed Funds,0.47,2022-08-21,Operational,CRE,Retail,NY,BR01,Standard,
DEP-000185,000121,Checking,1991.79,1813.27,0.0215,floating,Fed Funds,0.14,2024-05-14,Operational,CRE,Real Estate,PA,BR15,Premium,
DEP-000186,000136,Checking,680.86,594.57,0.051,floating,Fed Funds,0.25,2024-10-23,Non-Operational,Commercial,Manufacturing,NY,BR08,Premium,
DEP-000187,000091,Checking,22990.85,24033.68,0.0286,fixed,,0.46,2024-10-04,Stable,C&I,Real Estate,CT,BR02,Standard,
DEP-000188,000093,CD,8517.67,8704.01,0.0438,floating,Fed Funds,0.22,2023-04-25,Stable,C&I,Manufacturing,MA,BR04,Standard,
DEP-000189,000149,Commercial Checking,10589.35,10470.7,0.0477,floating,Fed Funds,0.27,2024-06-17,Stable,Commercial,Real Estate,NY,BR10,Standard,
DEP-000190,000100,Operating,3156.07,2796.19,0.034,fixed,,0.36,2023-09-26,Stable,C&I,Real Estate,CT,BR03,Standard,
DEP-000191,000075,Commercial Checking,14565.78,13186.03,0.0129,floating,Fed Funds,0.24,2021-04-09,Rate Sensitive,CRE,Manufacturing,NY,BR08,Standard,
DEP-000192,000147,Checking,446510.04,421787.11,0.0424,floating,Fed Funds,0.1,2021-06-06,Operational,Commercial,Real Estate,NY,BR06,Standard,
DEP-000193,000128,Money Market,5714.49,5308.75,0.0109,fixed,,0.35,2022-12-22,Operational,CRE,Manufacturing,FL,BR01,Standard,
DEP-000194,000111,CD,1287.03,1322.7,0.0524,fixed,,0.3,2022-05-14,Operational,C&I,Real Estate,NJ,BR02,Premium,
DEP-000195,000001,Operating,1512.74,1415.59,0.0545,floating,Fed Funds,0.5,2023-04-16,Stable,Commercial,Retail,NY,BR02,Standard,
DEP-000196,000007,Checking,932696.63,810160.18,0.045,fixed,,0.31,2023-01-28,Stable,Commercial,Manufacturing,CT,BR10,Standard,
DEP-000197,000048,Operating,674.8,656.66,0.0295,floating,Fed Funds,0.46,2023-12-29,Non-Operational,CRE,Real Estate,MA,BR07,Standard,
DEP-000198,000007,Operating,16478.84,16898.28,0.0527,fixed,,0.37,2020-02-19,Operational,CRE,Retail,NY,BR12,Standard,
DEP-000199,000140,Checking,65756.36,68944.34,0.0524,fixed,,0.23,2020-11-21,Operational,Commercial,Manufacturing,MA,BR19,Premium,
DEP-000200,000024,Operating,1021.99,944.99,0.0497,fixed,,0.59,2020-06-10,Operational,CRE,Real Estate,NY,BR10,Standard,
DEP-000201,000008,Savings,646627.04,672565.55,0.0145,fixed,,0.58,2023-09-04,Non-Operational,C&I,Healthcare,NJ,BR19,Premium,
DEP-000202,000037,Commercial Checking,9799.42,9944.81,0.0405,fixed,,0.57,2020-02-27,Stable,Commercial,Healthcare,NY,BR19,Standard,
DEP-000203,000053,Checking,11466.09,11524.38,0.0473,fixed,,0.19,2020-05-18,Operational,CRE,Real Estate,NY,BR03,Premium,
DEP-000204,000005,CD,22591.65,21769.43,0.0175,fixed,,0.31,2024-09-03,Rate Sensitive,Commercial,Manufacturing,NY,BR11,Premium,
DEP-000205,000097,Checking,605990.27,541379.29,0.0169,floating,Fed Funds,0.1,2022-02-19,Stable,Commercial,Retail,NJ,BR12,Premium,
DEP-000206,000012,Operating,16486.79,14562.47,0.0386,fixed,,0.14,2024-01-20,Rate Sensitive,CRE,Retail,NY,BR02,Standard,
DEP-000207,000136,Operating,44219.53,41164.9,0.039,fixed,,0.45,2023-08-28,Stable,CRE,Manufacturing,NY,BR01,Standard,
DEP-000208,000064,Commercial Checking,1520.81,1465.5,0.0201,fixed,,0.54,2023-10-07,Non-Operational,CRE,Manufacturing,NY,BR08,Premium,
DEP-000209,000019,Commercial Checking,380.83,397.97,0.0257,floating,Fed Funds,0.38,2024-01-06,Stable,CRE,Real Estate,NY,BR12,Standard,
DEP-000210,000013,Commercial Checking,3185.55,3106.89,0.0311,floating,Fed Funds,0.14,2023-06-15,Rate Sensitive,C&I,Real Estate,NY,BR05,Standard,
DEP-000211,000107,Checking,9517.61,9467.31,0.0361,fixed,,0.33,2024-09-04,Rate Sensitive,CRE,Retail,NY,BR03,Standard,
DEP-000212,000140,Savings,605003.95,604854.68,0.0301,fixed,,0.28,2022-11-06,Stable,Commercial,Real Estate,NY,BR17,Premium,
DEP-000213,000144,Checking,72138.4,71622.36,0.0259,fixed,,0.46,2020-12-23,Operational,CRE,Manufacturing,NY,BR04,Standard,
DEP-000214,000103,Money Market,1123.43,1121.09,0.0527,fixed,,0.58,2023-06-27,Rate Sensitive,CRE,Healthcare,FL,BR15,Standard,
DEP-000215,000094,Savings,3969.89,3461.84,0.0236,fixed,,0.53,2023-05-29,Stable,CRE,Manufacturing,NY,BR10,Premium,
DEP-000216,000076,Checking,8414.5,8495.42,0.0385,fixed,,0.27,2022-06-02,Rate Sensitive,C&I,Healthcare,NJ,BR07,Premium,
DEP-000217,000067,Operating,43538.02,45371.42,0.0503,floating,Fed Funds,0.48,2024-04-17,Operational,C&I,Healthcare,NY,BR04,Standard,
DEP-000218,000106,Savings,62320.24,63317.04,0.0227,fixed,,0.12,2021-09-17,Operational,CRE,Retail,NY,BR03,Standard,
DEP-000219,000101,Checking,504915.53,439474.71,0.0128,fixed,,0.45,2021-09-29,Non-Operational,Commercial,Retail,NY,BR15,Standard,
DEP-000220,000103,Operating,65966.76,59371.4,0.0539,fixed,,0.12,2020-01-11,Rate Sensitive,C&I,Retail,NY,BR11,Standard,
DEP-000221,000013,Savings,285.62,269.85,0.0238,fixed,,0.41,2021-09-30,Stable,CRE,Real Estate,PA,BR14,Premium,
DEP-000222,000100,Commercial Checking,81272.25,84138.81,0.0111,fixed,,0.2,2024-02-23,Rate Sensitive,Commercial,Healthcare,CT,BR11,Premium,
DEP-000223,000045,Checking,11587.96,11279.43,0.0457,floating,Fed Funds,0.25,2023-07-20,Operational,C&I,Retail,PA,BR01,Standard,
DEP-000224,000102,Commercial Checking,1052673.33,1078130.25,0.0197,fixed,,0.57,2020-12-24,Operational,C&I,Retail,NY,BR15,Premium,
DEP-000225,000150,Checking,65981.49,58714.05,0.0211,fixed,,0.21,2022-07-31,Stable,CRE,Manufacturing,NY,BR10,Premium,
DEP-000226,000097,CD,11777.43,12271.61,0.0181,fixed,,0.41,2021-04-02,Stable,C&I,Real Estate,NY,BR08,Premium,
DEP-000227,000091,Checking,4512.54,4550.39,0.0135,fixed,,0.13,2021-01-18,Non-Operational,Commercial,Real Estate,NJ,BR14,Standard,
DEP-000228,000019,Savings,542.36,511.87,0.0121,fixed,,0.17,2024-08-07,Operational,C&I,Healthcare,MA,BR09,Standard,
DEP-000229,000027,Checking,212.32,213.63,0.0316,fixed,,0.38,2020-09-01,Stable,CRE,Manufacturing,NY,BR06,Standard,
DEP-000230,000093,Operating,615.32,588.52,0.0528,fixed,,0.42,2021-07-08,Stable,Commercial,Manufacturing,NY,BR10,Standard,
DEP-000231,000032,Operating,70099.43,68913.44,0.0297,fixed,,0.39,2023-11-08,Operational,CRE,Manufacturing,CT,BR10,Standard,
DEP-000232,000132,Money Market,27833.52,25007.23,0.051,fixed,,0.53,2022-02-23,Stable,C&I,Retail,FL,BR12,Premium,
DEP-000233,000015,Commercial Checking,17.15,17.84,0.0347,floating,Fed Funds,0.53,2020-08-05,Stable,CRE,Healthcare,NY,BR07,Standard,
DEP-000234,000083,CD,106865.38,105824.01,0.0307,fixed,,0.19,2021-12-01,Stable,Commercial,Manufacturing,NY,BR10,Premium,
DEP-000235,000124,Checking,29760.57,31005.52,0.012,floating,Fed Funds,0.24,2021-11-06,Stable,C&I,Healthcare,CT,BR16,Premium,
DEP-000236,000032,Checking,93953.98,84991.64,0.0157,fixed,,0.57,2024-11-21,Operational,CRE,Real Estate,FL,BR10,Standard,
DEP-000237,000122,Commercial Checking,3047492.35,3002409.02,0.0308,fixed,,0.12,2021-10-13,Stable,C&I,Manufacturing,NY,BR06,Standard,
DEP-000238,000084,Commercial Checking,16660.04,17365.97,0.0201,fixed,,0.2,2022-02-11,Non-Operational,Commercial,Retail,NY,BR13,Premium,
DEP-000239,000132,Commercial Checking,97.78,101.89,0.053,floating,Fed Funds,0.48,2022-11-21,Rate Sensitive,Commercial,Retail,FL,BR02,Premium,
DEP-000240,000094,Commercial Checking,2302.03,2326.99,0.0394,fixed,,0.4,2022-12-02,Stable,CRE,Retail,NY,BR09,Standard,
DEP-000241,000096,Checking,18059.46,17543.07,0.0519,floating,Fed Funds,0.47,2024-09-18,Stable,CRE,Retail,NY,BR17,Standard,
DEP-000242,000036,Operating,207335.02,176618.29,0.038,fixed,,0.32,2022-08-20,Non-Operational,C&I,Healthcare,NY,BR02,Standard,
DEP-000243,000004,Checking,19049.91,18903.24,0.0282,floating,Fed Funds,0.27,2021-07-07,Rate Sensitive,C&I,Manufacturing,NY,BR04,Premium,
DEP-000244,000040,Checking,44004.51,41091.0,0.0325,fixed,,0.24,2022-04-11,Stable,CRE,Manufacturing,PA,BR19,Standard,
DEP-000245,000098,CD,48650.19,44282.35,0.0123,fixed,,0.6,2021-04-17,Non-Operational,CRE,Real Estate,NY,BR02,Standard,
DEP-000246,000002,Commercial Checking,12237.56,11601.96,0.048,floating,Fed Funds,0.34,2020-12-28,Rate Sensitive,CRE,Real Estate,NY,BR06,Standard,
DEP-000247,000063,Commercial Checking,848.02,872.82,0.0225,floating,Fed Funds,0.38,2020-09-30,Stable,C&I,Manufacturing,NY,BR06,Premium,
DEP-000248,000021,Checking,25353.97,24914.74,0.0527,fixed,,0.43,2022-05-08,Operational,CRE,Manufacturing,NY,BR14,Premium,
DEP-000249,000021,Operating,1236597.2,1170172.33,0.042,fixed,,0.26,2021-10-08,Stable,CRE,Real Estate,CT,BR01,Standard,
DEP-000250,000064,Savings,284013.21,281676.58,0.0307,floating,Fed Funds,0.34,2024-02-06,Stable,Commercial,Retail,MA,BR04,Premium,
DEP-000251,000034,Checking,11297.12,10621.7,0.0147,fixed,,0.24,2021-06-25,Non-Operational,Commercial,Manufacturing,NY,BR04,Standard,
DEP-000252,000128,CD,42166.94,43311.74,0.0252,fixed,,0.55,2023-07-12,Stable,CRE,Real Estate,NY,BR15,Standard,
DEP-000253,000115,Money Market,608633.78,550916.71,0.027,floating,Fed Funds,0.21,2020-12-05,Operational,Commercial,Healthcare,CT,BR15,Standard,
DEP-000254,000003,Commercial Checking,6683.04,6781.82,0.0355,fixed,,0.59,2023-08-27,Rate Sensitive,C&I,Manufacturing,FL,BR11,Standard,
DEP-000255,000076,Commercial Checking,8335.97,8001.07,0.04,fixed,,0.23,2021-01-02,Non-Operational,Commercial,Real Estate,NY,BR19,Premium,
DEP-000256,000107,Checking,6195659.65,5818805.39,0.0457,fixed,,0.21,2020-11-05,Operational,C&I,Real Estate,NY,BR12,Standard,
DEP-000257,000025,CD,450.51,438.06,0.0363,fixed,,0.34,2020-06-13,Non-Operational,C&I,Retail,CT,BR04,Standard,
DEP-000258,000102,Commercial Checking,7185.18,6236.27,0.0134,fixed,,0.39,2022-05-17,Stable,Commercial,Healthcare,PA,BR03,Standard,
DEP-000259,000044,Commercial Checking,15200.18,14135.62,0.0149,floating,Fed Funds,0.35,2024-03-07,Non-Operational,C&I,Retail,NY,BR18,Standard,
DEP-000260,000145,Checking,456354.9,408842.07,0.038,floating,Fed Funds,0.58,2022-05-18,Non-Operational,C&I,Real Estate,NY,BR03,Standard,
DEP-000261,000080,Checking,19111.67,17612.44,0.013,fixed,,0.59,2022-10-02,Stable,Commercial,Real Estate,MA,BR10,Standard,
DEP-000262,000094,Operating,49266.92,43356.57,0.0508,fixed,,0.13,2023-02-22,Stable,CRE,Retail,NY,BR07,Premium,
DEP-000263,000117,Checking,100707.14,105363.96,0.0114,floating,Fed Funds,0.6,2020-10-26,Operational,Commercial,Healthcare,NJ,BR17,Standard,
DEP-000264,000131,Commercial Checking,70.03,64.14,0.018,floating,Fed Funds,0.45,2021-02-07,Stable,Commercial,Real Estate,NY,BR14,Standard,
DEP-000265,000017,Checking,184081.97,166746.42,0.0112,floating,Fed Funds,0.28,2020-02-08,Stable,C&I,Manufacturing,NY,BR13,Premium,
DEP-000266,000053,CD,894.21,899.44,0.0413,fixed,,0.44,2023-02-09,Operational,C&I,Real Estate,NJ,BR13,Standard,
DEP-000267,000040,Checking,7457.96,6361.81,0.0171,fixed,,0.17,2023-12-16,Operational,C&I,Real Estate,CT,BR19,Standard,
DEP-000268,000036,Commercial Checking,1369.19,1299.52,0.0401,fixed,,0.28,2022-01-20,Non-Operational,Commercial,Retail,CT,BR19,Standard,
DEP-000269,000145,CD,268501.4,254580.32,0.0139,floating,Fed Funds,0.3,2022-07-19,Operational,CRE,Retail,NY,BR09,Premium,
DEP-000270,000042,Commercial Checking,42304.07,36932.21,0.0433,fixed,,0.35,2021-03-16,Operational,CRE,Healthcare,MA,BR14,Standard,
DEP-000271,000017,Commercial Checking,8681.62,8797.2,0.0274,floating,Fed Funds,0.29,2020-11-30,Operational,CRE,Manufacturing,NJ,BR07,Standard,
DEP-000272,000130,Savings,39445.52,37552.21,0.0426,fixed,,0.5,2023-12-03,Operational,CRE,Real Estate,PA,BR16,Standard,
DEP-000273,000065,Checking,7840.52,8131.74,0.027,fixed,,0.15,2024-07-18,Stable,C&I,Healthcare,NY,BR09,Standard,
DEP-000274,000072,Commercial Checking,7529.85,7140.24,0.0307,fixed,,0.16,2023-03-04,Stable,Commercial,Manufacturing,NY,BR04,Standard,
DEP-000275,000095,Checking,42188.27,39183.69,0.0171,floating,Fed Funds,0.32,2023-03-13,Stable,Commercial,Retail,CT,BR17,Standard,
DEP-000276,000092,Operating,50000000,46402630.84,0.0525,floating,Fed Funds,0.58,2022-08-15,Non-Operational,Commercial,Healthcare,NJ,BR13,Premium,
DEP-000277,000097,Operating,3670.0,3547.1,0.0146,floating,Fed Funds,0.42,2021-12-28,Stable,C&I,Manufacturing,NY,BR10,Standard,
DEP-000278,000071,Commercial Checking,24576.3,23474.02,0.0308,floating,Fed Funds,0.55,2022-12-23,Non-Operational,CRE,Retail,NY,BR15,Premium,
DEP-000279,000139,Checking,39772.79,37188.72,0.0167,floating,Fed Funds,0.57,2021-12-09,Stable,Commercial,Retail,PA,BR10,Standard,
DEP-000280,000138,Commercial Checking,2833.49,2755.01,0.0487,fixed,,0.18,2022-02-21,Operational,C&I,Manufacturing,NY,BR01,Premium,
DEP-000281,000005,Checking,35971.21,34598.16,0.0294,fixed,,0.45,2024-06-07,Operational,C&I,Retail,NY,BR09,Standard,
DEP-000282,000144,Commercial Checking,514.55,511.96,0.016,floating,Fed Funds,0.41,2022-03-24,Stable,C&I,Manufacturing,NY,BR12,Premium,
DEP-000283,000140,CD,146120.07,151064.12,0.0392,floating,Fed Funds,0.18,2024-04-22,Operational,Commercial,Manufacturing,FL,BR06,Standard,
DEP-000284,000055,Checking,2823.48,2802.32,0.0106,floating,Fed Funds,0.43,2024-06-23,Stable,CRE,Manufacturing,NY,BR08,Premium,
DEP-000285,000124,Commercial Checking,18373.98,17095.35,0.0255,floating,Fed Funds,0.25,2020-07-13,Stable,C&I,Retail,CT,BR13,Standard,
DEP-000286,000101,Checking,3219.77,2998.82,0.0449,fixed,,0.13,2021-04-03,Operational,Commercial,Healthcare,NY,BR01,Premium,
DEP-000287,000037,Checking,1639.89,1657.69,0.05,fixed,,0.15,2021-04-10,Operational,Commercial,Retail,NY,BR08,Standard,
DEP-000288,000092,Savings,92487.29,87206.92,0.0532,fixed,,0.13,2023-03-04,Operational,CRE,Real Estate,NY,BR01,Standard,
DEP-000289,000093,Checking,15934369.71,14455205.38,0.034,fixed,,0.44,2020-01-23,Stable,Commercial,Retail,NY,BR15,Standard,
DEP-000290,000045,Checking,3953388.37,3968005.22,0.0457,floating,Fed Funds,0.57,2021-10-05,Operational,CRE,Real Estate,NY,BR02,Premium,
DEP-000291,000080,Checking,744766.4,698434.98,0.0502,fixed,,0.46,2021-03-13,Stable,C&I,Retail,CT,BR09,Premium,
DEP-000292,000141,Checking,36079.18,30677.18,0.0151,fixed,,0.44,2022-02-16,Non-Operational,C&I,Manufacturing,NJ,BR19,Premium,
DEP-000293,000150,Checking,18473.84,16269.17,0.0503,fixed,,0.27,2020-07-27,Operational,C&I,Manufacturing,CT,BR12,Standard,
DEP-000294,000121,Checking,720.41,697.35,0.02,floating,Fed Funds,0.57,2024-03-11,Non-Operational,C&I,Healthcare,NY,BR01,Standard,
DEP-000295,000035,CD,2394.49,2505.09,0.0482,fixed,,0.17,2020-04-13,Operational,CRE,Retail,NY,BR15,Premium,
DEP-000296,000113,Checking,28926.4,28050.68,0.043,fixed,,0.3,2023-05-15,Stable,CRE,Manufacturing,CT,BR08,Premium,
DEP-000297,000146,Checking,3457243.13,3042014.88,0.0119,floating,Fed Funds,0.55,2023-05-05,Non-Operational,Commercial,Real Estate,NY,BR04,Standard,
DEP-000298,000065,Commercial Checking,3265.98,3079.71,0.0355,floating,Fed Funds,0.31,2022-11-13,Stable,Commercial,Manufacturing,NJ,BR16,Standard,
DEP-000299,000041,Savings,20540.06,18285.19,0.0355,fixed,,0.16,2020-11-02,Rate Sensitive,CRE,Healthcare,NY,BR10,Premium,
DEP-000300,000113,Operating,4927.19,4245.18,0.0174,floating,Fed Funds,0.41,2022-04-27,Non-Operational,C&I,Real Estate,CT,BR18,Standard,
